[
          {
                    "id": 1471819495469,
                    "firstname": "Bhimesh",
                    "lastname": "Chauhan",
                    "address": "2123 Freddy Ct",
                    "phonenumber": "5157081186",
                    "email": "bchauhan@iastate.edu",
                    "licensestate": "IA",
                    "licensenum": "12356",
                    "zip": "02462",
                    "service": "Conventional Oil Change – Most popular",
                    "otherservice": [
                              "Tire Rotation",
                              "Wiper Change"
                    ]
          },
          {
                    "id": 1471836171207,
                    "firstname": "132",
                    "lastname": "13",
                    "address": "21321",
                    "phonenumber": "13",
                    "email": "132",
                    "licensestate": "IA",
                    "licensenum": "13213",
                    "zip": "02462",
                    "service": "Conventional Oil Change – Most popular",
                    "otherservice": [
                              "Tire Rotation",
                              "Tire Rotation",
                              "Wiper Change",
                              "Wiper Change"
                    ]
          },
          {
                    "id": 1471836314222,
                    "firstname": "132",
                    "lastname": "1321",
                    "address": "311",
                    "phonenumber": "31",
                    "email": "13",
                    "licensestate": "IA",
                    "licensenum": "123",
                    "zip": "02462",
                    "service": "Conventional Oil Change – Most popular",
                    "otherservice": [
                              "",
                              "Tire Rotation",
                              "Tire Rotation",
                              "Wiper Change",
                              "Wiper Change"
                    ]
          }
]