[
          {
                    "id": 1471819495469,
                    "firstname": "Bhimesh",
                    "lastname": "Chauhan",
                    "address": "2123 Freddy Ct",
                    "phonenumber": "5157081186",
                    "email": "bchauhan@iastate.edu",
                    "licensestate": "IA",
                    "licensenum": "12356",
                    "zip": "02462",
                    "service": "Conventional Oil Change – Most popular",
                    "otherservice": [
                              "Tire Rotation",
                              "Wiper Change"
                    ]
          }
]